Title,Price,Rating
A Light in the Attic,Â£51.77,Three out of five
Tipping the Velvet,Â£53.74,One out of five
Soumission,Â£50.10,One out of five
Sharp Objects,Â£47.82,Four out of five
Sapiens: A Brief History of Humankind,Â£54.23,Five out of five
The Requiem Red,Â£22.65,One out of five
The Dirty Little Secrets of Getting Your Dream Job,Â£33.34,Four out of five
"The Coming Woman: A Novel Based on the Life of the Infamous Feminist, Victoria Woodhull",Â£17.93,Three out of five
The Boys in the Boat: Nine Americans and Their Epic Quest for Gold at the 1936 Berlin Olympics,Â£22.60,Four out of five
The Black Maria,Â£52.15,One out of five
"Starving Hearts (Triangular Trade Trilogy, #1)",Â£13.99,Two out of five
Shakespeare's Sonnets,Â£20.66,Four out of five
Set Me Free,Â£17.46,Five out of five
Scott Pilgrim's Precious Little Life (Scott Pilgrim #1),Â£52.29,Five out of five
Rip it Up and Start Again,Â£35.02,Five out of five
"Our Band Could Be Your Life: Scenes from the American Indie Underground, 1981-1991",Â£57.25,Three out of five
Olio,Â£23.88,One out of five
Mesaerion: The Best Science Fiction Stories 1800-1849,Â£37.59,One out of five
Libertarianism for Beginners,Â£51.33,Two out of five
It's Only the Himalayas,Â£45.17,Two out of five
In Her Wake,Â£12.84,One out of five
How Music Works,Â£37.32,Two out of five
"Foolproof Preserving: A Guide to Small Batch Jams, Jellies, Pickles, Condiments, and More: A Foolproof Guide to Making Small Batch Jams, Jellies, Pickles, Condiments, and More",Â£30.52,Three out of five
Chase Me (Paris Nights #2),Â£25.27,Five out of five
Black Dust,Â£34.53,Five out of five
Birdsong: A Story in Pictures,Â£54.64,Three out of five
America's Cradle of Quarterbacks: Western Pennsylvania's Football Factory from Johnny Unitas to Joe Montana,Â£22.50,Three out of five
Aladdin and His Wonderful Lamp,Â£53.13,Three out of five
Worlds Elsewhere: Journeys Around Shakespeareâs Globe,Â£40.30,Five out of five
Wall and Piece,Â£44.18,Four out of five
The Four Agreements: A Practical Guide to Personal Freedom,Â£17.66,Five out of five
The Five Love Languages: How to Express Heartfelt Commitment to Your Mate,Â£31.05,Three out of five
The Elephant Tree,Â£23.82,Five out of five
The Bear and the Piano,Â£36.89,One out of five
Sophie's World,Â£15.94,Five out of five
Penny Maybe,Â£33.29,Three out of five
Maude (1883-1993):She Grew Up with the country,Â£18.02,Two out of five
"In a Dark, Dark Wood",Â£19.63,One out of five
Behind Closed Doors,Â£52.22,Four out of five
You can't bury them all: Poems,Â£33.63,Two out of five
Slow States of Collapse: Poems,Â£57.31,Three out of five
Reasons to Stay Alive,Â£26.41,Two out of five
Private Paris (Private #10),Â£47.61,Five out of five
#HigherSelfie: Wake Up Your Life. Free Your Soul. Find Your Tribe.,Â£23.11,Five out of five
Without Borders (Wanderlove #1),Â£45.07,Two out of five
When We Collided,Â£31.77,One out of five
"We Love You, Charlie Freeman",Â£50.27,Five out of five
Untitled Collection: Sabbath Poems 2014,Â£14.27,Four out of five
"Unseen City: The Majesty of Pigeons, the Discreet Charm of Snails & Other Wonders of the Urban Wilderness",Â£44.18,Four out of five
Unicorn Tracks,Â£18.78,Three out of five
"Unbound: How Eight Technologies Made Us Human, Transformed Society, and Brought Our World to the Brink",Â£25.52,One out of five
Tsubasa: WoRLD CHRoNiCLE 2 (Tsubasa WoRLD CHRoNiCLE #2),Â£16.28,One out of five
Throwing Rocks at the Google Bus: How Growth Became the Enemy of Prosperity,Â£31.12,Three out of five
This One Summer,Â£19.49,Four out of five
Thirst,Â£17.27,Five out of five
The Torch Is Passed: A Harding Family Story,Â£19.09,One out of five
The Secret of Dreadwillow Carse,Â£56.13,One out of five
"The Pioneer Woman Cooks: Dinnertime: Comfort Classics, Freezer Food, 16-Minute Meals, and Other Delicious Ways to Solve Supper!",Â£56.41,One out of five
The Past Never Ends,Â£56.50,Four out of five
The Natural History of Us (The Fine Art of Pretending #2),Â£45.22,Three out of five
The Nameless City (The Nameless City #1),Â£38.16,Four out of five
The Murder That Never Was (Forensic Instincts #5),Â£54.11,Three out of five
The Most Perfect Thing: Inside (and Outside) a Bird's Egg,Â£42.96,Four out of five
"The Mindfulness and Acceptance Workbook for Anxiety: A Guide to Breaking Free from Anxiety, Phobias, and Worry Using Acceptance and Commitment Therapy",Â£23.89,Four out of five
The Life-Changing Magic of Tidying Up: The Japanese Art of Decluttering and Organizing,Â£16.77,Three out of five
"The Inefficiency Assassin: Time Management Tactics for Working Smarter, Not Longer",Â£20.59,Five out of five
The Gutsy Girl: Escapades for Your Life of Epic Adventure,Â£37.13,One out of five
The Electric Pencil: Drawings from Inside State Hospital No. 3,Â£56.06,One out of five
The Death of Humanity: and the Case for Life,Â£58.11,Four out of five
"The Bulletproof Diet: Lose up to a Pound a Day, Reclaim Energy and Focus, Upgrade Your Life",Â£49.05,Three out of five
The Art Forger,Â£40.76,Three out of five
The Age of Genius: The Seventeenth Century and the Birth of the Modern Mind,Â£19.73,One out of five
The Activist's Tao Te Ching: Ancient Advice for a Modern Revolution,Â£32.24,Five out of five
Spark Joy: An Illustrated Master Class on the Art of Organizing and Tidying Up,Â£41.83,Four out of five
Soul Reader,Â£39.58,Two out of five
Security,Â£39.25,Two out of five
"Saga, Volume 6 (Saga (Collected Editions) #6)",Â£25.02,Three out of five
"Saga, Volume 5 (Saga (Collected Editions) #5)",Â£51.04,Two out of five
Reskilling America: Learning to Labor in the Twenty-First Century,Â£19.83,Two out of five
"Rat Queens, Vol. 3: Demons (Rat Queens (Collected Editions) #11-15)",Â£50.40,Three out of five
"Princess Jellyfish 2-in-1 Omnibus, Vol. 01 (Princess Jellyfish 2-in-1 Omnibus #1)",Â£13.61,Five out of five
Princess Between Worlds (Wide-Awake Princess #5),Â£13.34,Five out of five
"Pop Gun War, Volume 1: Gift",Â£18.97,One out of five
"Political Suicide: Missteps, Peccadilloes, Bad Calls, Backroom Hijinx, Sordid Pasts, Rotten Breaks, and Just Plain Dumb Mistakes in the Annals of American Politics",Â£36.28,Two out of five
Patience,Â£10.16,Three out of five
"Outcast, Vol. 1: A Darkness Surrounds Him (Outcast #1)",Â£15.44,Four out of five
orange: The Complete Collection 1 (orange: The Complete Collection #1),Â£48.41,One out of five
Online Marketing for Busy Authors: A Step-By-Step Guide,Â£46.35,One out of five
On a Midnight Clear,Â£14.07,Three out of five
Obsidian (Lux #1),Â£14.86,Two out of five
My Paris Kitchen: Recipes and Stories,Â£33.37,Two out of five
Masks and Shadows,Â£56.40,Two out of five
"Mama Tried: Traditional Italian Cooking for the Screwed, Crude, Vegan, and Tattooed",Â£14.02,Four out of five
"Lumberjanes, Vol. 2: Friendship to the Max (Lumberjanes #5-8)",Â£46.91,Two out of five
"Lumberjanes, Vol. 1: Beware the Kitten Holy (Lumberjanes #1-4)",Â£45.61,Three out of five
Lumberjanes Vol. 3: A Terrible Plan (Lumberjanes #9-12),Â£19.92,Two out of five
"Layered: Baking, Building, and Styling Spectacular Cakes",Â£40.11,One out of five
Judo: Seven Steps to Black Belt (an Introductory Guide for Beginners),Â£53.90,Two out of five
Join,Â£35.67,Five out of five
In the Country We Love: My Family Divided,Â£22.00,Four out of five
Immunity: How Elie Metchnikoff Changed the Course of Modern Medicine,Â£57.36,Five out of five
"I Hate Fairyland, Vol. 1: Madly Ever After (I Hate Fairyland (Compilations) #1-5)",Â£29.17,Two out of five
I am a Hero Omnibus Volume 1,Â£54.63,Three out of five
How to Be Miserable: 40 Strategies You Already Use,Â£46.03,One out of five
Her Backup Boyfriend (The Sorensen Family #1),Â£33.97,One out of five
"Giant Days, Vol. 2 (Giant Days #5-8)",Â£22.11,Two out of five
Forever and Forever: The Courtship of Henry Longfellow and Fanny Appleton,Â£29.69,Three out of five
First and First (Five Boroughs #3),Â£15.97,Four out of five
Fifty Shades Darker (Fifty Shades #2),Â£21.96,One out of five
Everydata: The Misinformation Hidden in the Little Data You Consume Every Day,Â£54.35,Two out of five
"Don't Be a Jerk: And Other Practical Advice from Dogen, Japan's Greatest Zen Master",Â£37.97,Two out of five
Danganronpa Volume 1,Â£51.99,Four out of five
Crown of Midnight (Throne of Glass #2),Â£43.29,Three out of five
"Codename Baboushka, Volume 1: The Conclave of Death",Â£36.72,Four out of five
Camp Midnight,Â£17.08,Four out of five
Call the Nurse: True Stories of a Country Nurse on a Scottish Isle,Â£29.14,Five out of five
Burning,Â£28.81,Three out of five
Bossypants,Â£49.46,Two out of five
"Bitch Planet, Vol. 1: Extraordinary Machine (Bitch Planet (Collected Editions))",Â£37.92,Two out of five
"Avatar: The Last Airbender: Smoke and Shadow, Part 3 (Smoke and Shadow #3)",Â£28.09,Two out of five
Algorithms to Live By: The Computer Science of Human Decisions,Â£30.81,One out of five
A World of Flavor: Your Gluten Free Passport,Â£42.95,One out of five
"A Piece of Sky, a Grain of Rice: A Memoir in Four Meditations",Â£56.76,Five out of five
A Murder in Time,Â£16.64,One out of five
A Flight of Arrows (The Pathfinders #2),Â£55.53,Five out of five
A Fierce and Subtle Poison,Â£28.13,Four out of five
A Court of Thorns and Roses (A Court of Thorns and Roses #1),Â£52.37,One out of five
(Un)Qualified: How God Uses Broken People to Do Big Things,Â£54.00,Five out of five
You Are What You Love: The Spiritual Power of Habit,Â£21.87,Four out of five
"William Shakespeare's Star Wars: Verily, A New Hope (William Shakespeare's Star Wars #4)",Â£43.30,Four out of five
Tuesday Nights in 1980,Â£21.04,Two out of five
Tracing Numbers on a Train,Â£41.60,Three out of five
Throne of Glass (Throne of Glass #1),Â£35.07,Three out of five
Thomas Jefferson and the Tripoli Pirates: The Forgotten War That Changed American History,Â£59.64,One out of five
Thirteen Reasons Why,Â£52.72,One out of five
The White Cat and the Monk: A Retelling of the Poem âPangur BÃ¡nâ,Â£58.08,Four out of five
The Wedding Dress,Â£24.12,One out of five
The Vacationers,Â£42.15,Four out of five
The Third Wave: An Entrepreneurâs Vision of the Future,Â£12.61,Five out of five
The Stranger,Â£17.44,Four out of five
The Shadow Hero (The Shadow Hero),Â£33.14,One out of five
The Secret (The Secret #1),Â£27.37,Four out of five
The Regional Office Is Under Attack!,Â£51.36,Five out of five
The Psychopath Test: A Journey Through the Madness Industry,Â£36.00,Two out of five
The Project,Â£10.65,One out of five
The Power of Now: A Guide to Spiritual Enlightenment,Â£43.54,Two out of five
The Omnivore's Dilemma: A Natural History of Four Meals,Â£38.21,Two out of five
The Nerdy Nummies Cookbook: Sweet Treats for the Geek in All of Us,Â£37.34,Five out of five
The Murder of Roger Ackroyd (Hercule Poirot #4),Â£44.10,Four out of five
The Mistake (Off-Campus #2),Â£43.29,Three out of five
The Matchmaker's Playbook (Wingmen Inc. #1),Â£55.85,One out of five
The Love and Lemons Cookbook: An Apple-to-Zucchini Celebration of Impromptu Cooking,Â£37.60,Two out of five
The Long Shadow of Small Ghosts: Murder and Memory in an American City,Â£10.97,One out of five
The Kite Runner,Â£41.82,Four out of five
The House by the Lake,Â£36.95,One out of five
The Glittering Court (The Glittering Court #1),Â£44.28,One out of five
The Girl on the Train,Â£55.02,Two out of five
The Genius of Birds,Â£17.24,One out of five
The Emerald Mystery,Â£23.15,Two out of five
The Cookies & Cups Cookbook: 125+ sweet & savory recipes reminding you to Always Eat Dessert First,Â£41.25,One out of five
The Bridge to Consciousness: I'm Writing the Bridge Between Science and Our Old and New Beliefs.,Â£32.00,Three out of five
The Artist's Way: A Spiritual Path to Higher Creativity,Â£38.49,Five out of five
The Art of War,Â£33.34,Five out of five
The Argonauts,Â£10.93,Two out of five
The 10% Entrepreneur: Live Your Startup Dream Without Quitting Your Day Job,Â£27.55,Three out of five
Suddenly in Love (Lake Haven #1),Â£55.99,Two out of five
Something More Than This,Â£16.24,Four out of five
Soft Apocalypse,Â£26.12,Two out of five
So You've Been Publicly Shamed,Â£12.23,Two out of five
Shoe Dog: A Memoir by the Creator of NIKE,Â£23.99,Two out of five
"Shobu Samurai, Project Aryoku (#3)",Â£29.06,Three out of five
Secrets and Lace (Fatal Hearts #1),Â£20.27,One out of five
Scarlett Epstein Hates It Here,Â£43.55,Five out of five
Romero and Juliet: A Tragic Tale of Love and Zombies,Â£36.94,One out of five
Redeeming Love,Â£20.47,Five out of five
Poses for Artists Volume 1 - Dynamic and Sitting Poses: An Essential Reference for Figure Drawing and the Human Form,Â£41.06,One out of five
Poems That Make Grown Women Cry,Â£14.19,Four out of five
"Nightingale, Sing",Â£38.28,One out of five
Night Sky with Exit Wounds,Â£41.05,One out of five
Mrs. Houdini,Â£30.25,Five out of five
Modern Romance,Â£28.26,Five out of five
Miss Peregrineâs Home for Peculiar Children (Miss Peregrineâs Peculiar Children #1),Â£10.76,One out of five
Louisa: The Extraordinary Life of Mrs. Adams,Â£16.85,Two out of five
Little Red,Â£13.47,Three out of five
Library of Souls (Miss Peregrineâs Peculiar Children #3),Â£48.56,Five out of five
Large Print Heart of the Pride,Â£19.15,Two out of five
I Had a Nice Time And Other Lies...: How to find love & sh*t like that,Â£57.36,Four out of five
Hollow City (Miss Peregrineâs Peculiar Children #2),Â£42.98,One out of five
Grumbles,Â£22.16,Two out of five
Full Moon over Noahâs Ark: An Odyssey to Mount Ararat and Beyond,Â£49.43,Four out of five
Frostbite (Vampire Academy #2),Â£29.99,Five out of five
Follow You Home,Â£21.36,One out of five
First Steps for New Christians (Print Edition),Â£29.00,One out of five
Finders Keepers (Bill Hodges Trilogy #2),Â£53.53,Five out of five
"Fables, Vol. 1: Legends in Exile (Fables #1)",Â£41.62,Four out of five
Eureka Trivia 6.0,Â£54.59,Four out of five
Drive: The Surprising Truth About What Motivates Us,Â£34.95,Four out of five
Done Rubbed Out (Reightman & Bailey #1),Â£37.72,Five out of five
Doing It Over (Most Likely To #1),Â£35.61,Three out of five
"Deliciously Ella Every Day: Quick and Easy Recipes for Gluten-Free Snacks, Packed Lunches, and Simple Meals",Â£42.16,Three out of five
Dark Notes,Â£19.19,Five out of five
"Daring Greatly: How the Courage to Be Vulnerable Transforms the Way We Live, Love, Parent, and Lead",Â£19.43,Three out of five
Close to You,Â£49.46,Four out of five
Chasing Heaven: What Dying Taught Me About Living,Â£37.80,Two out of five
Big Magic: Creative Living Beyond Fear,Â£30.80,Three out of five
Becoming Wise: An Inquiry into the Mystery and Art of Living,Â£27.43,Two out of five
Beauty Restored (Riley Family Legacy Novellas #3),Â£11.11,Two out of five
Batman: The Long Halloween (Batman),Â£36.50,Two out of five
Batman: The Dark Knight Returns (Batman),Â£15.38,Five out of five
Ayumi's Violin,Â£15.48,Two out of five
Anonymous,Â£46.82,Four out of five
Amy Meets the Saints and Sages,Â£18.46,Three out of five
Amid the Chaos,Â£36.58,One out of five
Amatus,Â£50.54,Five out of five
Agnostic: A Spirited Manifesto,Â£12.51,Five out of five
Zealot: The Life and Times of Jesus of Nazareth,Â£24.70,Three out of five
You (You #1),Â£43.61,Five out of five
"Wonder Woman: Earth One, Volume One (Wonder Woman: Earth One #1)",Â£37.34,Four out of five
Wild Swans,Â£14.36,Two out of five
Why the Right Went Wrong: Conservatism--From Goldwater to the Tea Party and Beyond,Â£52.65,Four out of five
Whole Lotta Creativity Going On: 60 Fun and Unusual Exercises to Awaken and Strengthen Your Creativity,Â£38.20,Four out of five
What's It Like in Space?: Stories from Astronauts Who've Been There,Â£19.60,Two out of five
"We Are Robin, Vol. 1: The Vigilante Business (We Are Robin #1)",Â£53.90,One out of five
Walt Disney's Alice in Wonderland,Â£12.96,Five out of five
V for Vendetta (V for Vendetta Complete),Â£37.10,Four out of five
Until Friday Night (The Field Party #1),Â£46.31,Two out of five
"Unbroken: A World War II Story of Survival, Resilience, and Redemption",Â£45.95,Two out of five
Twenty Yawns,Â£22.08,Two out of five
Through the Woods,Â£25.38,Two out of five
This Is Where It Ends,Â£27.12,Two out of five
The Year of Magical Thinking,Â£43.04,Two out of five
The Wright Brothers,Â£56.80,Four out of five
The White Queen (The Cousins' War #1),Â£25.91,Five out of five
The Wedding Pact (The O'Malleys #2),Â£32.61,Three out of five
The Time Keeper,Â£27.88,Five out of five
The Testament of Mary,Â£52.67,Four out of five
The Star-Touched Queen,Â£46.02,Five out of five
The Songs of the Gods,Â£44.48,Five out of five
The Song of Achilles,Â£37.40,Five out of five
The Rosie Project (Don Tillman #1),Â£54.04,One out of five
The Power of Habit: Why We Do What We Do in Life and Business,Â£16.88,Three out of five
The Marriage of Opposites,Â£28.08,Four out of five
The Lucifer Effect: Understanding How Good People Turn Evil,Â£10.40,One out of five
The Long Haul (Diary of a Wimpy Kid #9),Â£44.07,One out of five
The Loney,Â£23.40,One out of five
The Literature Book (Big Ideas Simply Explained),Â£17.43,Three out of five
The Last Mile (Amos Decker #2),Â£54.21,Two out of five
The Immortal Life of Henrietta Lacks,Â£40.67,Two out of five
The Hidden Oracle (The Trials of Apollo #1),Â£52.26,Two out of five
The Help Yourself Cookbook for Kids: 60 Easy Plant-Based Recipes Kids Can Make to Stay Healthy and Save the Earth,Â£28.77,Three out of five
The Guilty (Will Robie #4),Â£13.82,Two out of five
The First Hostage (J.B. Collins #2),Â£25.85,Three out of five
The Dovekeepers,Â£48.78,One out of five
The Darkest Lie,Â£35.35,Five out of five
The Bane Chronicles (The Bane Chronicles #1-11),Â£44.73,Four out of five
The Bad-Ass Librarians of Timbuktu: And Their Race to Save the Worldâs Most Precious Manuscripts,Â£15.77,One out of five
The 14th Colony (Cotton Malone #11),Â£39.24,One out of five
That Darkness (Gardiner and Renner #1),Â£13.92,One out of five
Tastes Like Fear (DI Marnie Rome #3),Â£10.69,One out of five
Take Me with You,Â£45.21,Three out of five
Swell: A Year of Waves,Â£45.58,One out of five
Superman Vol. 1: Before Truth (Superman by Gene Luen Yang #1),Â£11.89,Five out of five
Still Life with Bread Crumbs,Â£26.41,Three out of five
Steve Jobs,Â£39.50,Five out of five
Sorting the Beef from the Bull: The Science of Food Fraud Forensics,Â£44.74,Four out of five
Someone Like You (The Harrisons #2),Â£52.79,Five out of five
"So Cute It Hurts!!, Vol. 6 (So Cute It Hurts!! #6)",Â£35.43,Four out of five
Shtum,Â£55.84,Four out of five
See America: A Celebration of Our National Parks & Treasured Sites,Â£48.87,Three out of five
salt.,Â£46.78,Four out of five
Robin War,Â£47.82,Three out of five
"Red Hood/Arsenal, Vol. 1: Open for Business (Red Hood/Arsenal #1)",Â£25.48,Two out of five
Rain Fish,Â£23.57,Three out of five
"Quarter Life Poetry: Poems for the Young, Broke and Hangry",Â£50.89,Five out of five
Pet Sematary,Â£10.56,Three out of five
"Overload: How to Unplug, Unwind, and Unleash Yourself from the Pressure of Stress",Â£52.15,Three out of five
Once Was a Time,Â£18.28,Two out of five
Old School (Diary of a Wimpy Kid #10),Â£11.83,Five out of five
No Dream Is Too High: Life Lessons From a Man Who Walked on the Moon,Â£21.95,Two out of five
"Naruto (3-in-1 Edition), Vol. 14: Includes Vols. 40, 41 & 42 (Naruto: Omnibus #14)",Â£38.39,Two out of five
My Name Is Lucy Barton,Â£41.56,One out of five
My Mrs. Brown,Â£24.48,Three out of five
My Kind of Crazy,Â£40.36,One out of five
Mr. Mercedes (Bill Hodges Trilogy #1),Â£28.90,One out of five
More Than Music (Chasing the Dream #1),Â£37.61,Two out of five
Made to Stick: Why Some Ideas Survive and Others Die,Â£38.85,Five out of five
Luis Paints the World,Â£53.95,Three out of five
Luckiest Girl Alive,Â£49.83,Three out of five
Lowriders to the Center of the Earth (Lowriders in Space #2),Â£51.51,Two out of five
Love Is a Mix Tape (Music #1),Â£18.03,One out of five
Looking for Lovely: Collecting the Moments that Matter,Â£29.14,Five out of five
"Living Leadership by Insight: A Good Leader Achieves, a Great Leader Builds Monuments",Â£46.91,Four out of five
Let It Out: A Journey Through Journaling,Â£26.79,Five out of five
Lady Midnight (The Dark Artifices #1),Â£16.28,Five out of five
"It's All Easy: Healthy, Delicious Weeknight Meals in under 30 Minutes",Â£19.55,One out of five
Island of Dragons (Unwanteds #7),Â£29.65,One out of five
I Know What I'm Doing -- and Other Lies I Tell Myself: Dispatches from a Life Under Construction,Â£25.98,Four out of five
I Am Pilgrim (Pilgrim #1),Â£10.60,Four out of five
"Hyperbole and a Half: Unfortunate Situations, Flawed Coping Mechanisms, Mayhem, and Other Things That Happened",Â£14.75,Five out of five
"Hush, Hush (Hush, Hush #1)",Â£47.02,Three out of five
Hold Your Breath (Search and Rescue #1),Â£28.82,One out of five
Hamilton: The Revolution,Â£58.79,Three out of five
Greek Mythic History,Â£10.23,Five out of five
God: The Most Unpleasant Character in All Fiction,Â£30.03,Five out of five
Glory over Everything: Beyond The Kitchen House,Â£45.84,Three out of five
Feathers: Displays of Brilliant Plumage,Â£49.05,Three out of five
"Far & Away: Places on the Brink of Change: Seven Continents, Twenty-Five Years",Â£15.06,Four out of five
Every Last Word,Â£46.47,Three out of five
Eligible (The Austen Project #4),Â£27.09,Three out of five
El Deafo,Â£57.62,Five out of five
Eight Hundred Grapes,Â£14.39,Four out of five
"Eaternity: More than 150 Deliciously Easy Vegan Recipes for a Long, Healthy, Satisfied, Joyful Life",Â£51.75,Five out of five
"Eat Fat, Get Thin",Â£54.07,Two out of five
Don't Get Caught,Â£55.35,One out of five
Doctor Sleep (The Shining #2),Â£40.12,Two out of five
Demigods & Magicians: Percy and Annabeth Meet the Kanes (Percy Jackson & Kane Chronicles Crossover #1-3),Â£37.51,Five out of five
Dear Mr. Knightley,Â£11.21,Five out of five
Daily Fantasy Sports,Â£36.58,One out of five
Crazy Love: Overwhelmed by a Relentless God,Â£47.72,Two out of five
Cometh the Hour (The Clifton Chronicles #6),Â£25.01,Three out of five
Code Name Verity (Code Name Verity #1),Â£22.13,Four out of five
Clockwork Angel (The Infernal Devices #1),Â£44.14,One out of five
City of Glass (The Mortal Instruments #3),Â£56.02,Four out of five
City of Fallen Angels (The Mortal Instruments #4),Â£11.23,Four out of five
City of Bones (The Mortal Instruments #1),Â£43.28,One out of five
City of Ashes (The Mortal Instruments #2),Â£47.27,One out of five
Cell,Â£20.29,Four out of five
Catching Jordan (Hundred Oaks),Â£50.83,Three out of five
"Carry On, Warrior: Thoughts on Life Unarmed",Â£31.85,Three out of five
Carrie,Â£46.23,Two out of five
Buying In: The Secret Dialogue Between What We Buy and Who We Are,Â£37.80,Four out of five
Brain on Fire: My Month of Madness,Â£49.32,Five out of five
Batman: Europa,Â£32.01,Two out of five
Barefoot Contessa Back to Basics,Â£28.01,One out of five
Barefoot Contessa at Home: Everyday Recipes You'll Make Over and Over Again,Â£50.62,Five out of five
Balloon Animals,Â£17.03,Three out of five
Art Ops Vol. 1,Â£48.80,Three out of five
Aristotle and Dante Discover the Secrets of the Universe (Aristotle and Dante Discover the Secrets of the Universe #1),Â£58.14,Four out of five
Angels Walking (Angels Walking #1),Â£34.20,Two out of five
Angels & Demons (Robert Langdon #1),Â£51.48,Three out of five
All the Light We Cannot See,Â£29.87,Five out of five
"Adulthood Is a Myth: A ""Sarah's Scribbles"" Collection",Â£10.90,Two out of five
Abstract City,Â£56.37,Five out of five
A Time of Torment (Charlie Parker #14),Â£48.35,Five out of five
A Study in Scarlet (Sherlock Holmes #1),Â£16.73,Two out of five
"A Series of Catastrophes and Miracles: A True Story of Love, Science, and Cancer",Â£56.48,Two out of five
A People's History of the United States,Â£40.79,Two out of five
A Man Called Ove,Â£39.72,One out of five
A Distant Mirror: The Calamitous 14th Century,Â£14.58,Three out of five
A Brush of Wings (Angels Walking #3),Â£55.51,One out of five
1491: New Revelations of the Americas Before Columbus,Â£21.80,Three out of five
"The Three Searches, Meaning, and the Story",Â£13.33,Three out of five
Searching for Meaning in Gailana,Â£38.73,One out of five
Rook,Â£37.86,Four out of five
My Kitchen Year: 136 Recipes That Saved My Life,Â£11.53,Two out of five
13 Hours: The Inside Account of What Really Happened In Benghazi,Â£27.06,One out of five
Will You Won't You Want Me?,Â£13.86,Three out of five
Tipping Point for Planet Earth: How Close Are We to the Edge?,Â£37.55,One out of five
The Star-Touched Queen,Â£32.30,Five out of five
The Silent Sister (Riley MacPherson #1),Â£46.29,Five out of five
The Midnight Watch: A Novel of the Titanic and the Californian,Â£26.20,One out of five
The Lonely City: Adventures in the Art of Being Alone,Â£33.26,Two out of five
The Gray Rhino: How to Recognize and Act on the Obvious Dangers We Ignore,Â£59.15,Four out of five
The Golden Condom: And Other Essays on Love Lost and Found,Â£39.43,One out of five
The Epidemic (The Program 0.6),Â£14.44,Five out of five
The Dinner Party,Â£56.54,Two out of five
The Diary of a Young Girl,Â£59.90,Three out of five
The Children,Â£11.88,Three out of five
Stars Above (The Lunar Chronicles #4.5),Â£48.05,Two out of five
Snatched: How A Drug Queen Went Undercover for the DEA and Was Kidnapped By Colombian Guerillas,Â£21.21,Three out of five
Raspberry Pi Electronics Projects for the Evil Genius,Â£49.67,Four out of five
Quench Your Own Thirst: Business Lessons Learned Over a Beer or Two,Â£43.14,One out of five
Psycho: Sanitarium (Psycho #1.5),Â£36.97,Five out of five
Poisonous (Max Revere Novels #3),Â£26.80,Three out of five
One with You (Crossfire #5),Â£15.71,Four out of five
No Love Allowed (Dodge Cove #1),Â£54.65,Four out of five
Murder at the 42nd Street Library (Raymond Ambler #1),Â£54.36,Four out of five
Most Wanted,Â£35.28,Three out of five
"Love, Lies and Spies",Â£20.55,Two out of five
How to Speak Golf: An Illustrated Guide to Links Lingo,Â£58.32,Five out of five
Hide Away (Eve Duncan #20),Â£11.84,One out of five
Furiously Happy: A Funny Book About Horrible Things,Â£41.46,Four out of five
Everyday Italian: 125 Simple and Delicious Recipes,Â£20.10,Five out of five
Equal Is Unfair: America's Misguided Fight Against Income Inequality,Â£56.86,One out of five
Eleanor & Park,Â£56.51,Five out of five
Dirty (Dive Bar #1),Â£40.83,Four out of five
Can You Keep a Secret? (Fear Street Relaunch #4),Â£48.64,One out of five
Boar Island (Anna Pigeon #19),Â£59.48,Three out of five
A Paris Apartment,Â£39.01,Four out of five
"A la Mode: 120 Recipes in 60 Pairings: Pies, Tarts, Cakes, Crisps, and More Topped with Ice Cream, Gelato, Frozen Custard, and More",Â£38.77,One out of five
Troublemaker: Surviving Hollywood and Scientology,Â£48.39,Two out of five
The Widow,Â£27.26,Two out of five
"The Sleep Revolution: Transforming Your Life, One Night at a Time",Â£11.68,Four out of five
The Improbability of Love,Â£59.45,One out of five
The Art of Startup Fundraising,Â£21.00,Three out of five
Take Me Home Tonight (Rock Star Romance #3),Â£53.98,Three out of five
Sleeping Giants (Themis Files #1),Â£48.74,One out of five
"Setting the World on Fire: The Brief, Astonishing Life of St. Catherine of Siena",Â£21.15,Two out of five
Playing with Fire,Â£13.71,Three out of five
Off the Hook (Fishing for Trouble #1),Â£47.67,Three out of five
Mothering Sunday,Â£13.34,Two out of five
"Mother, Can You Not?",Â£16.89,Five out of five
M Train,Â£27.18,One out of five
Lilac Girls,Â£17.28,Two out of five
Lies and Other Acts of Love,Â£45.14,One out of five
Lab Girl,Â£40.85,One out of five
Keep Me Posted,Â£20.46,Four out of five
It Didn't Start with You: How Inherited Family Trauma Shapes Who We Are and How to End the Cycle,Â£56.27,Three out of five
Grey (Fifty Shades #4),Â£48.49,Four out of five
"Exit, Pursued by a Bear",Â£51.34,Four out of five
Daredevils,Â£16.34,Three out of five
Cravings: Recipes for What You Want to Eat,Â£20.50,Three out of five
Born for This: How to Find the Work You Were Meant to Do,Â£21.59,Five out of five
Arena,Â£21.36,Four out of five
Adultery,Â£20.88,Five out of five
A Mother's Reckoning: Living in the Aftermath of Tragedy,Â£19.53,Three out of five
A Gentleman's Position (Society of Gentlemen #3),Â£14.75,Five out of five
11/22/63,Â£48.48,Three out of five
"10% Happier: How I Tamed the Voice in My Head, Reduced Stress Without Losing My Edge, and Found Self-Help That Actually Works",Â£24.57,Two out of five
10-Day Green Smoothie Cleanse: Lose Up to 15 Pounds in 10 Days!,Â£49.71,Five out of five
Without Shame,Â£48.27,Five out of five
Watchmen,Â£58.05,Four out of five
Unlimited Intuition Now,Â£58.87,Four out of five
Underlying Notes,Â£11.82,Two out of five
The Shack,Â£28.03,One out of five
The New Brand You: Your New Image Makes the Sale for You,Â£44.05,Five out of five
"The Moosewood Cookbook: Recipes from Moosewood Restaurant, Ithaca, New York",Â£12.34,Four out of five
The Flowers Lied,Â£16.68,Two out of five
"The Fabric of the Cosmos: Space, Time, and the Texture of Reality",Â£55.91,One out of five
The Book of Mormon,Â£24.57,Three out of five
The Art and Science of Low Carbohydrate Living,Â£52.98,Five out of five
The Alien Club,Â£54.40,One out of five
Suzie Snowflake: One beautiful flake (a self-esteem story),Â£54.81,Five out of five
Nap-a-Roo,Â£25.08,One out of five
"NaNo What Now? Finding your editing process, revising your NaNoWriMo book and building a writing career through publishing and beyond",Â£10.41,Four out of five
Modern Day Fables,Â£47.44,Two out of five
If I Gave You God's Phone Number....: Searching for Spirituality in America,Â£20.91,One out of five
"Fruits Basket, Vol. 9 (Fruits Basket #9)",Â£33.95,Four out of five
Dress Your Family in Corduroy and Denim,Â£43.68,Three out of five
Don't Forget Steven,Â£33.23,One out of five
Chernobyl 01:23:40: The Incredible True Story of the World's Worst Nuclear Disaster,Â£35.92,Two out of five
Art and Fear: Observations on the Perils (and Rewards) of Artmaking,Â£48.63,Four out of five
A Shard of Ice (The Black Symphony Saga #1),Â£56.63,Three out of five
A Hero's Curse (The Unseen Chronicles #1),Â£50.49,Three out of five
23 Degrees South: A Tropical Tale of Changing Whether...,Â£35.79,Two out of five
"Zero to One: Notes on Startups, or How to Build the Future",Â£34.06,Three out of five
Why Not Me?,Â£17.76,One out of five
When Breath Becomes Air,Â£39.36,Two out of five
Vagabonding: An Uncommon Guide to the Art of Long-Term World Travel,Â£36.94,Two out of five
The Unlikely Pilgrimage of Harold Fry (Harold Fry #1),Â£43.62,Five out of five
The New Drawing on the Right Side of the Brain,Â£43.02,Three out of five
"The Midnight Assassin: Panic, Scandal, and the Hunt for America's First Serial Killer",Â£28.45,Four out of five
The Martian (The Martian #1),Â£41.39,Two out of five
The High Mountains of Portugal,Â£51.15,One out of five
The Grownup,Â£35.88,One out of five
The E-Myth Revisited: Why Most Small Businesses Don't Work and What to Do About It,Â£36.91,One out of five
South of Sunshine,Â£28.93,One out of five
Smarter Faster Better: The Secrets of Being Productive in Life and Business,Â£38.89,Five out of five
Silence in the Dark (Logan Point #4),Â£58.33,Three out of five
Shadows of the Past (Logan Point #1),Â£39.67,Five out of five
Roller Girl,Â£14.10,Five out of five
Rising Strong,Â£21.82,Three out of five
Proofs of God: Classical Arguments from Tertullian to Barth,Â£54.21,One out of five
Please Kill Me: The Uncensored Oral History of Punk,Â£31.19,Four out of five
Out of Print: City Lights Spotlight No. 14,Â£53.64,Five out of five
My Life Next Door (My Life Next Door ),Â£36.39,Five out of five
Miller's Valley,Â£58.54,Two out of five
Man's Search for Meaning,Â£29.48,Three out of five
"Love That Boy: What Two Presidents, Eight Road Trips, and My Son Taught Me About a Parent's Expectations",Â£25.06,Two out of five
Living Forward: A Proven Plan to Stop Drifting and Get the Life You Want,Â£12.55,Three out of five
Les Fleurs du Mal,Â£29.04,Five out of five
Left Behind (Left Behind #1),Â£40.72,Two out of five
Kill 'Em and Leave: Searching for James Brown and the American Soul,Â£45.05,Five out of five
Kierkegaard: A Christian Missionary to Christians,Â£47.13,One out of five
John Vassos: Industrial Design for Modern Life,Â£20.22,Four out of five
I'll Give You the Sun,Â£56.48,One out of five
I Will Find You,Â£44.21,One out of five
Hystopia: A Novel,Â£21.96,Four out of five
Howl and Other Poems,Â£40.45,Two out of five
History of Beauty,Â£10.29,Four out of five
Heaven is for Real: A Little Boy's Astounding Story of His Trip to Heaven and Back,Â£52.86,Two out of five
Future Shock (Future Shock #1),Â£55.65,Five out of five
Ender's Game (The Ender Quintet #1),Â£43.64,One out of five
Diary of a Citizen Scientist: Chasing Tiger Beetles and Other New Ways of Engaging the World,Â£28.41,One out of five
Death by Leisure: A Cautionary Tale,Â£37.51,Four out of five
Brilliant Beacons: A History of the American Lighthouse,Â£11.45,Three out of five
Brazen: The Courage to Find the You That's Been Hiding,Â£19.22,Two out of five
Between the World and Me,Â£56.91,Four out of five
Being Mortal: Medicine and What Matters in the End,Â£55.06,Four out of five
"A Murder Over a Girl: Justice, Gender, Junior High",Â£13.20,Three out of five
32 Yolks,Â£53.63,Two out of five
"""Most Blessed of the Patriarchs"": Thomas Jefferson and the Empire of the Imagination",Â£44.48,Five out of five
You Are a Badass: How to Stop Doubting Your Greatness and Start Living an Awesome Life,Â£12.08,Three out of five
Wildlife of New York: A Five-Borough Coloring Book,Â£22.14,Two out of five
What Happened on Beale Street (Secrets of the South Mysteries #2),Â£25.37,Five out of five
Unreasonable Hope: Finding Faith in the God Who Brings Purpose to Your Pain,Â£46.33,Two out of five
Under the Tuscan Sun,Â£37.33,Three out of five
Toddlers Are A**holes: It's Not Your Fault,Â£25.55,One out of five
The Year of Living Biblically: One Man's Humble Quest to Follow the Bible as Literally as Possible,Â£34.72,One out of five
The Whale,Â£35.96,Four out of five
The Story of Art,Â£41.14,Four out of five
The Origin of Species,Â£10.01,Four out of five
The Great Gatsby,Â£36.05,Four out of five
The Good Girl,Â£49.03,Three out of five
The Glass Castle,Â£16.24,One out of five
The Faith of Christopher Hitchens: The Restless Soul of the World's Most Notorious Atheist,Â£39.55,One out of five
The Drowning Girls,Â£35.67,Three out of five
The Constant Princess (The Tudor Court #1),Â£16.62,Three out of five
The Bourne Identity (Jason Bourne #1),Â£42.78,Four out of five
The Bachelor Girl's Guide to Murder (Herringford and Watts Mysteries #1),Â£52.30,Five out of five
The Art Book,Â£32.34,Two out of five
The 7 Habits of Highly Effective People: Powerful Lessons in Personal Change,Â£33.17,Four out of five
Team of Rivals: The Political Genius of Abraham Lincoln,Â£20.12,Five out of five
Steal Like an Artist: 10 Things Nobody Told You About Being Creative,Â£20.90,Two out of five
"Sit, Stay, Love",Â£20.90,Three out of five
Sister Dear,Â£40.20,Four out of five
"Shrunken Treasures: Literary Classics, Short, Sweet, and Silly",Â£52.87,Three out of five
"Rich Dad, Poor Dad",Â£51.74,One out of five
Raymie Nightingale,Â£34.41,Two out of five
Playing from the Heart,Â£32.38,One out of five
Nightstruck: A Novel,Â£50.35,Four out of five
"Naturally Lean: 125 Nourishing Gluten-Free, Plant-Based Recipes--All Under 300 Calories",Â£11.38,Five out of five
Meternity,Â£43.58,Three out of five
Memoirs of a Geisha,Â£49.67,Three out of five
Like Never Before (Walker Family #2),Â£28.77,Two out of five
Life of Pi,Â£13.22,Four out of five
Leave This Song Behind: Teen Poetry at Its Best,Â£51.17,Five out of five
King's Folly (The Kinsman Chronicles #1),Â£39.61,Five out of five
John Adams,Â£57.43,Four out of five
How to Cook Everything Vegetarian: Simple Meatless Recipes for Great Food (How to Cook Everything),Â£46.01,Four out of five
How to Be a Domestic Goddess: Baking and the Art of Comfort Cooking,Â£28.25,Two out of five
Good in Bed (Cannie Shapiro #1),Â£37.05,Five out of five
"Fruits Basket, Vol. 7 (Fruits Basket #7)",Â£19.57,One out of five
For the Love: Fighting for Grace in a World of Impossible Standards,Â£45.13,Three out of five
Finding God in the Ruins: How God Redeems Pain,Â£46.64,Two out of five
Every Heart a Doorway (Every Heart A Doorway #1),Â£12.16,Five out of five
Delivering the Truth (Quaker Midwife Mystery #1),Â£20.89,Four out of five
Counted With the Stars (Out from Egypt #1),Â£17.97,Five out of five
"Chronicles, Vol. 1",Â£52.60,Two out of five
Blue Like Jazz: Nonreligious Thoughts on Christian Spirituality,Â£25.77,One out of five
Benjamin Franklin: An American Life,Â£48.19,Three out of five
"At The Existentialist CafÃ©: Freedom, Being, and apricot cocktails with: Jean-Paul Sartre, Simone de Beauvoir, Albert Camus, Martin Heidegger, Edmund Husserl, Karl Jaspers, Maurice Merleau-Ponty and others",Â£29.93,Five out of five
A Summer In Europe,Â£44.34,Two out of five
A Short History of Nearly Everything,Â£52.40,Five out of five
A Gathering of Shadows (Shades of Magic #2),Â£44.81,Four out of five
The Sound Of Love,Â£57.84,Five out of five
The Rise and Fall of the Third Reich: A History of Nazi Germany,Â£39.67,Two out of five
The Perks of Being a Wallflower,Â£55.02,Three out of five
The Mysterious Affair at Styles (Hercule Poirot #1),Â£24.80,Four out of five
The Man Who Mistook His Wife for a Hat and Other Clinical Tales,Â£59.45,Four out of five
The Makings of a Fatherless Child,Â£31.58,Two out of five
The Joy of Cooking,Â£43.27,Four out of five
The Invention of Wings,Â£37.34,One out of five
The Hobbit (Middle-Earth Universe),Â£17.80,Five out of five
The Great Railway Bazaar,Â£30.54,One out of five
The Golden Compass (His Dark Materials #1),Â£18.77,One out of five
The God Delusion,Â£46.85,Three out of five
The Girl You Left Behind (The Girl You Left Behind #1),Â£15.79,One out of five
The Fellowship of the Ring (The Lord of the Rings #1),Â£10.27,Two out of five
The Collected Poems of W.B. Yeats (The Collected Works of W.B. Yeats #1),Â£15.42,Five out of five
The Barefoot Contessa Cookbook,Â£59.92,Five out of five
Tell the Wolves I'm Home,Â£50.96,Two out of five
Ship Leaves Harbor: Essays on Travel by a Recovering Journeyman,Â£30.60,Three out of five
Pride and Prejudice,Â£19.27,Four out of five
Musicophilia: Tales of Music and the Brain,Â£46.58,One out of five
Mere Christianity,Â£48.51,Three out of five
Me Before You (Me Before You #1),Â£19.02,One out of five
In the Woods (Dublin Murder Squad #1),Â£38.38,Two out of five
In Cold Blood,Â£49.98,Four out of five
How to Stop Worrying and Start Living,Â£46.49,Five out of five
Give It Back,Â£18.32,Two out of five
"Girl, Interrupted",Â£42.14,Three out of five
Fun Home: A Family Tragicomic,Â£56.59,Four out of five
"Fruits Basket, Vol. 6 (Fruits Basket #6)",Â£20.96,Four out of five
Deception Point,Â£40.32,Four out of five
"Death Note, Vol. 6: Give-and-Take (Death Note #6)",Â£36.39,Three out of five
Catherine the Great: Portrait of a Woman,Â£58.55,Four out of five
Better Homes and Gardens New Cook Book,Â£39.61,Three out of five
An Unquiet Mind: A Memoir of Moods and Madness,Â£21.30,Three out of five
A Year in Provence (Provence #1),Â£56.88,Four out of five
World Without End (The Pillars of the Earth #2),Â£32.97,Four out of five
"Will Grayson, Will Grayson (Will Grayson, Will Grayson)",Â£47.31,Four out of five
Why Save the Bankers?: And Other Essays on Our Economic and Political Crisis,Â£48.67,Two out of five
Where She Went (If I Stay #2),Â£41.73,Four out of five
What If?: Serious Scientific Answers to Absurd Hypothetical Questions,Â£53.68,Four out of five
Two Summers,Â£14.64,One out of five
This Is Your Brain on Music: The Science of a Human Obsession,Â£38.40,One out of five
The Secret Garden,Â£15.08,Four out of five
The Raven King (The Raven Cycle #4),Â£30.57,Two out of five
The Raven Boys (The Raven Cycle #1),Â£57.74,Four out of five
The Power Greens Cookbook: 140 Delicious Superfood Recipes,Â£11.05,Five out of five
The Metamorphosis,Â£28.58,One out of five
The Mathews Men: Seven Brothers and the War Against Hitler's U-boats,Â£42.91,Five out of five
The Little Paris Bookshop,Â£24.73,Three out of five
The Hiding Place,Â£55.91,Four out of five
The Grand Design,Â£13.76,Three out of five
The Firm,Â£45.56,Three out of five
The Fault in Our Stars,Â£47.22,One out of five
The False Prince (The Ascendance Trilogy #1),Â£56.00,Five out of five
The Expatriates,Â£44.58,Two out of five
The Dream Thieves (The Raven Cycle #2),Â£34.50,One out of five
The Darkest Corners,Â£11.33,Five out of five
The Crossover,Â£38.77,Four out of five
The 5th Wave (The 5th Wave #1),Â£11.83,Two out of five
Tell the Wind and Fire,Â£45.51,Three out of five
Tell Me Three Things,Â£41.81,One out of five
Talking to Girls About Duran Duran: One Young Man's Quest for True Love and a Cooler Haircut,Â£25.15,Four out of five
Siddhartha,Â£34.22,Five out of five
Shiver (The Wolves of Mercy Falls #1),Â£16.23,Five out of five
Remember Me?,Â£11.48,Three out of five
Red Dragon (Hannibal Lecter #1),Â£23.37,Three out of five
Peak: Secrets from the New Science of Expertise,Â£16.28,Two out of five
My Mother Was Nuts,Â£31.63,Four out of five
Mexican Today: New and Rediscovered Recipes for Contemporary Kitchens,Â£24.91,Five out of five
Maybe Something Beautiful: How Art Transformed a Neighborhood,Â£22.54,One out of five
Lola and the Boy Next Door (Anna and the French Kiss #2),Â£23.63,Four out of five
Logan Kade (Fallen Crest High #5.5),Â£13.12,Two out of five
Last One Home (New Beginnings #1),Â£59.98,Three out of five
Killing Floor (Jack Reacher #1),Â£31.49,Four out of five
Kill the Boy Band,Â£15.52,Five out of five
Isla and the Happily Ever After (Anna and the French Kiss #3),Â£48.13,Five out of five
If I Stay (If I Stay #1),Â£38.13,Five out of five
I Know Why the Caged Bird Sings (Maya Angelou's Autobiography #1),Â£36.55,Two out of five
Harry Potter and the Deathly Hallows (Harry Potter #7),Â£23.32,One out of five
"Fruits Basket, Vol. 5 (Fruits Basket #5)",Â£16.33,One out of five
Foundation (Foundation (Publication Order) #1),Â£32.42,One out of five
Fool Me Once,Â£16.96,One out of five
Find Her (Detective D.D. Warren #8),Â£22.37,One out of five
Evicted: Poverty and Profit in the American City,Â£42.27,One out of five
Drama,Â£38.70,Two out of five
Dracula the Un-Dead,Â£35.63,Five out of five
Digital Fortress,Â£58.00,Five out of five
"Death Note, Vol. 5: Whiteout (Death Note #5)",Â£52.41,One out of five
"Data, A Love Story: How I Gamed Online Dating to Meet My Match",Â£32.35,Three out of five
Critique of Pure Reason,Â£20.75,One out of five
Booked,Â£17.49,Five out of five
"Blue Lily, Lily Blue (The Raven Cycle #3)",Â£34.13,Five out of five
Approval Junkie: Adventures in Caring Too Much,Â£58.81,Five out of five
An Abundance of Katherines,Â£10.00,Five out of five
America's War for the Greater Middle East: A Military History,Â£51.22,Two out of five
Alight (The Generations Trilogy #2),Â£58.59,Four out of five
A Girl's Guide to Moving On (New Beginnings #2),Â£31.30,One out of five
A Game of Thrones (A Song of Ice and Fire #1),Â£46.42,Two out of five
A Feast for Crows (A Song of Ice and Fire #4),Â£17.21,Four out of five
A Clash of Kings (A Song of Ice and Fire #2),Â£10.79,Three out of five
Vogue Colors A to Z: A Fashion Coloring Book,Â£52.35,Four out of five
The Shining (The Shining #1),Â£27.88,Three out of five
The Pilgrim's Progress,Â£50.26,Two out of five
The Perfect Play (Play by Play #1),Â£59.99,Three out of five
The Passion of Dolssa,Â£28.32,Five out of five
The Jazz of Physics: The Secret Link Between Music and the Structure of the Universe,Â£38.71,Three out of five
The Hunger Games (The Hunger Games #1),Â£29.85,Five out of five
The Hound of the Baskervilles (Sherlock Holmes #5),Â£14.82,Two out of five
The Gunning of America: Business and the Making of American Gun Culture,Â£16.81,Four out of five
The Geography of Bliss: One Grump's Search for the Happiest Places in the World,Â£28.23,Two out of five
The Demonists (Demonist #1),Â£52.11,Two out of five
"The Demon Prince of Momochi House, Vol. 4 (The Demon Prince of Momochi House #4)",Â£27.88,Two out of five
The Bone Hunters (Lexy Vaughan & Steven Macaulay #2),Â£59.71,Three out of five
The Beast (Black Dagger Brotherhood #14),Â£46.08,Five out of five
Some Women,Â£13.73,Five out of five
Shopaholic Ties the Knot (Shopaholic #3),Â£48.39,Five out of five
Paper and Fire (The Great Library #2),Â£49.45,Five out of five
Outlander (Outlander #1),Â£19.67,Five out of five
"Orchestra of Exiles: The Story of Bronislaw Huberman, the Israel Philharmonic, and the One Thousand Jews He Saved from Nazi Horrors",Â£12.36,Three out of five
No One Here Gets Out Alive,Â£20.02,Five out of five
Night Shift (Night Shift #1-20),Â£12.75,Four out of five
Needful Things,Â£47.51,Four out of five
Mockingjay (The Hunger Games #3),Â£20.44,Four out of five
Misery,Â£34.79,Two out of five
Little Women (Little Women #1),Â£28.07,Four out of five
It,Â£25.01,Three out of five
Harry Potter and the Sorcerer's Stone (Harry Potter #1),Â£13.90,Three out of five
Harry Potter and the Prisoner of Azkaban (Harry Potter #3),Â£24.17,Four out of five
Harry Potter and the Order of the Phoenix (Harry Potter #5),Â£31.63,Four out of five
Harry Potter and the Half-Blood Prince (Harry Potter #6),Â£48.75,Five out of five
Harry Potter and the Chamber of Secrets (Harry Potter #2),Â£14.74,One out of five
Gone with the Wind,Â£32.49,Three out of five
God Is Not Great: How Religion Poisons Everything,Â£27.80,One out of five
Girl With a Pearl Earring,Â£26.77,One out of five
"Fruits Basket, Vol. 4 (Fruits Basket #4)",Â£50.44,Four out of five
Far From True (Promise Falls Trilogy #2),Â£34.93,Two out of five
Dark Lover (Black Dagger Brotherhood #1),Â£12.87,One out of five
Confessions of a Shopaholic (Shopaholic #1),Â£48.94,Two out of five
Changing the Game (Play by Play #2),Â£13.38,Three out of five
Candide,Â£58.63,Three out of five
Can You Keep a Secret?,Â£21.94,One out of five
Atlas Shrugged,Â£26.58,Five out of five
Animal Farm,Â£57.22,Three out of five
A Walk to Remember,Â£56.43,One out of five
A New Earth: Awakening to Your Life's Purpose,Â£55.65,Five out of five
"A History of God: The 4,000-Year Quest of Judaism, Christianity, and Islam",Â£27.62,One out of five
'Salem's Lot,Â£49.56,Four out of five
Zero History (Blue Ant #3),Â£34.77,One out of five
Wuthering Heights,Â£17.73,Three out of five
World War Z: An Oral History of the Zombie War,Â£21.80,One out of five
Wild: From Lost to Found on the Pacific Crest Trail,Â£46.02,Three out of five
"Where'd You Go, Bernadette",Â£18.13,One out of five
When You Are Engulfed in Flames,Â£30.89,Five out of five
We the People: The Modern-Day Figures Who Have Reshaped and Affirmed the Founding Fathers' Vision of America,Â£31.95,Three out of five
We Are All Completely Beside Ourselves,Â£24.04,One out of five
Walk the Edge (Thunder Road #2),Â£32.36,Three out of five
Voyager (Outlander #3),Â£21.07,Five out of five
Very Good Lives: The Fringe Benefits of Failure and the Importance of Imagination,Â£50.66,Three out of five
Vegan Vegetarian Omnivore: Dinner for Everyone at the Table,Â£13.66,Two out of five
"Unstuffed: Decluttering Your Home, Mind, and Soul",Â£58.09,One out of five
Under the Banner of Heaven: A Story of Violent Faith,Â£30.00,One out of five
Two Boys Kissing,Â£32.74,Two out of five
Twilight (Twilight #1),Â£41.93,Two out of five
Twenties Girl,Â£42.80,Two out of five
"Trespassing Across America: One Man's Epic, Never-Done-Before (and Sort of Illegal) Hike Across the Heartland",Â£53.51,One out of five
Three-Martini Lunch,Â£23.21,Three out of five
"Thinking, Fast and Slow",Â£21.14,One out of five
The Wild Robot,Â£56.07,Three out of five
"The Wicked + The Divine, Vol. 3: Commercial Suicide (The Wicked + The Divine)",Â£14.41,Three out of five
The Undomestic Goddess,Â£45.75,Four out of five
The Travelers,Â£15.77,One out of five
The Tipping Point: How Little Things Can Make a Big Difference,Â£10.02,Two out of five
The Thing About Jellyfish,Â£48.77,One out of five
The Stand,Â£57.86,Two out of five
The Smitten Kitchen Cookbook,Â£23.59,One out of five
The Silkworm (Cormoran Strike #2),Â£23.05,Five out of five
"The Sandman, Vol. 3: Dream Country (The Sandman (volumes) #3)",Â£55.55,Five out of five
The Rose & the Dagger (The Wrath and the Dawn #2),Â£58.64,Four out of five
The Road to Little Dribbling: Adventures of an American in Britain (Notes From a Small Island #2),Â£23.21,One out of five
The Rise of Theodore Roosevelt (Theodore Roosevelt #1),Â£42.57,Three out of five
The Restaurant at the End of the Universe (Hitchhiker's Guide to the Galaxy #2),Â£10.92,One out of five
The Rest Is Noise: Listening to the Twentieth Century,Â£34.77,One out of five
The Red Tent,Â£35.66,Five out of five
The Purpose Driven Life: What on Earth Am I Here for?,Â£37.19,Three out of five
The Purest Hook (Second Circle Tattoos #3),Â£12.25,One out of five
The Picture of Dorian Gray,Â£29.70,Two out of five
The Paris Wife,Â£36.80,Three out of five
The Obsession,Â£45.43,One out of five
The Nightingale,Â£26.26,Four out of five
The New Guy (and Other Senior Year Distractions),Â£44.92,Three out of five
The Nanny Diaries (Nanny #1),Â£52.53,Five out of five
The Name of God is Mercy,Â£37.25,Two out of five
The Maze Runner (The Maze Runner #1),Â£20.93,One out of five
The Lover's Dictionary,Â£58.09,Two out of five
The Lonely Ones,Â£43.59,Five out of five
The Lean Startup: How Today's Entrepreneurs Use Continuous Innovation to Create Radically Successful Businesses,Â£33.92,Three out of five
The Last Painting of Sara de Vos,Â£55.55,Two out of five
"The Land of 10,000 Madonnas",Â£29.64,Four out of five
The Infinities,Â£27.41,One out of five
The Husband's Secret,Â£52.51,Five out of five
The Hitchhiker's Guide to the Galaxy (Hitchhiker's Guide to the Galaxy #1),Â£47.80,Three out of five
The Guns of August,Â£14.54,Two out of five
The Guernsey Literary and Potato Peel Pie Society,Â£49.53,One out of five
The Goldfinch,Â£43.58,Three out of five
The Giver (The Giver Quartet #1),Â£12.30,One out of five
The Girl with All the Gifts,Â£49.47,Three out of five
The Girl Who Played with Fire (Millennium Trilogy #2),Â£22.14,Two out of five
The Girl Who Kicked the Hornet's Nest (Millennium Trilogy #3),Â£57.48,One out of five
The Exiled,Â£43.45,Three out of five
"The End of Faith: Religion, Terror, and the Future of Reason",Â£22.13,Four out of five
"The Elegant Universe: Superstrings, Hidden Dimensions, and the Quest for the Ultimate Theory",Â£13.03,Four out of five
"The Disappearing Spoon: And Other True Tales of Madness, Love, and the History of the World from the Periodic Table of the Elements",Â£57.35,Five out of five
The Devil Wears Prada (The Devil Wears Prada #1),Â£44.29,One out of five
The Demon-Haunted World: Science as a Candle in the Dark,Â£52.25,Four out of five
The Day the Crayons Came Home (Crayons),Â£26.33,Five out of five
The Da Vinci Code (Robert Langdon #2),Â£22.96,Two out of five
The Cuckoo's Calling (Cormoran Strike #1),Â£19.21,One out of five
The Complete Stories and Poems (The Works of Edgar Allan Poe [Cameo Edition]),Â£26.78,Four out of five
The Complete Poems,Â£41.32,Five out of five
The Catcher in the Rye,Â£24.55,One out of five
The Cat in the Hat (Beginner Books B-1),Â£16.26,Two out of five
The Case for Christ (Cases for Christianity),Â£47.84,One out of five
The Book Thief,Â£53.49,Two out of five
The Book of Basketball: The NBA According to The Sports Guy,Â£44.84,Five out of five
The Blind Side: Evolution of a Game,Â£53.71,Five out of five
The Autobiography of Malcolm X,Â£23.43,Two out of five
"The Art of Simple Food: Notes, Lessons, and Recipes from a Delicious Revolution",Â£34.32,Three out of five
The Art of Fielding,Â£22.10,One out of five
"Surely You're Joking, Mr. Feynman!: Adventures of a Curious Character",Â£25.83,Two out of five
Stiff: The Curious Lives of Human Cadavers,Â£36.74,Three out of five
Spilled Milk: Based on a True Story,Â£49.51,One out of five
Something Borrowed (Darcy & Rachel #1),Â£48.96,Five out of five
Something Blue (Darcy & Rachel #2),Â£54.62,One out of five
Soldier (Talon #3),Â£24.72,Two out of five
Shopaholic & Baby (Shopaholic #5),Â£46.45,Two out of five
Seven Days in the Art World,Â£52.33,Two out of five
Seven Brief Lessons on Physics,Â£30.60,Four out of five
Scarlet (The Lunar Chronicles #2),Â£14.57,Four out of five
Sarah's Key,Â£46.29,One out of five
"Saga, Volume 3 (Saga (Collected Editions) #3)",Â£21.57,Five out of five
Running with Scissors,Â£12.91,Four out of five
Rogue Lawyer (Rogue Lawyer #1),Â£50.11,Three out of five
"Rise of the Rocket Girls: The Women Who Propelled Us, from Missiles to the Moon to Mars",Â£41.67,Four out of five
Rework,Â£44.88,Two out of five
Reservations for Two,Â£11.10,Three out of five
Red: The True Story of Red Riding Hood,Â£28.54,Three out of five
Ready Player One,Â£19.07,Four out of five
Quiet: The Power of Introverts in a World That Can't Stop Talking,Â£43.55,One out of five
Prodigy: The Graphic Novel (Legend: The Graphic Novel #2),Â£43.63,Three out of five
Persepolis: The Story of a Childhood (Persepolis #1-2),Â£39.13,One out of five
Packing for Mars: The Curious Science of Life in the Void,Â£56.68,Two out of five
Outliers: The Story of Success,Â£14.16,One out of five
Original Fake,Â£31.45,Three out of five
Orange Is the New Black,Â£24.61,Two out of five
One for the Money (Stephanie Plum #1),Â£32.87,Two out of five
Notes from a Small Island (Notes From a Small Island #1),Â£40.17,One out of five
Night (The Night Trilogy #1),Â£13.51,One out of five
Neither Here nor There: Travels in Europe,Â£38.95,Three out of five
Naked,Â£31.69,Three out of five
Morning Star (Red Rising #3),Â£29.40,One out of five
"Miracles from Heaven: A Little Girl, Her Journey to Heaven, and Her Amazing Story of Healing",Â£57.83,One out of five
Midnight Riot (Peter Grant/ Rivers of London - books #1),Â£55.46,Two out of five
Me Talk Pretty One Day,Â£57.60,Two out of five
Manuscript Found in Accra,Â£34.98,Two out of five
Lust & Wonder,Â£11.87,Two out of five
Lila (Gilead #3),Â£12.47,Three out of five
"Life, the Universe and Everything (Hitchhiker's Guide to the Galaxy #3)",Â£33.26,Two out of five
Life Without a Recipe,Â£59.04,Five out of five
Life After Life,Â£26.13,Two out of five
Letter to a Christian Nation,Â£22.20,One out of five
Let's Pretend This Never Happened: A Mostly True Memoir,Â£45.11,One out of five
Legend (Legend #1),Â£43.69,Four out of five
"Lean In: Women, Work, and the Will to Lead",Â£25.02,One out of five
"Lamb: The Gospel According to Biff, Christ's Childhood Pal",Â£55.50,Five out of five
Lady Renegades (Rebel Belle #3),Â£53.04,Five out of five
Jurassic Park (Jurassic Park #1),Â£44.97,One out of five
It's Never Too Late to Begin Again: Discovering Creativity and Meaning at Midlife and Beyond,Â£42.38,One out of five
Is Everyone Hanging Out Without Me? (And Other Concerns),Â£20.11,Three out of five
Into the Wild,Â£56.70,Five out of five
Inferno (Robert Langdon #4),Â£41.00,Five out of five
"In the Garden of Beasts: Love, Terror, and an American Family in Hitler's Berlin",Â£28.85,Three out of five
If I Run (If I Run #1),Â£49.97,Four out of five
I've Got Your Number,Â£19.69,One out of five
I Am Malala: The Girl Who Stood Up for Education and Was Shot by the Taliban,Â£28.88,Two out of five
Hungry Girl Clean & Hungry: Easy All-Natural Recipes for Healthy Eating in the Real World,Â£33.14,Three out of five
"House of Lost Worlds: Dinosaurs, Dynasties, and the Story of Life on Earth",Â£43.70,Two out of five
House of Leaves,Â£54.89,One out of five
Horrible Bear!,Â£37.52,Two out of five
Holidays on Ice,Â£51.07,Two out of five
Heir to the Sky,Â£44.07,Four out of five
Green Eggs and Ham (Beginner Books B-16),Â£10.79,Four out of five
"Grayson, Vol 3: Nemesis (Grayson #3)",Â£42.72,One out of five
Gratitude,Â£26.66,Five out of five
Gone Girl,Â£37.60,Five out of five
Golden (Heart of Dread #3),Â£42.21,Four out of five
Girl in the Blue Coat,Â£46.83,Two out of five
"Fruits Basket, Vol. 3 (Fruits Basket #3)",Â£45.17,Two out of five
"Friday Night Lights: A Town, a Team, and a Dream",Â£51.22,Three out of five
Fire Bound (Sea Haven/Sisters of the Heart #5),Â£21.28,Four out of five
Fifty Shades Freed (Fifty Shades #3),Â£15.36,Five out of five
Fellside,Â£38.62,One out of five
Extreme Prey (Lucas Davenport #26),Â£25.40,Three out of five
Eragon (The Inheritance Cycle #1),Â£43.87,Three out of five
Eclipse (Twilight #3),Â£18.74,One out of five
Dune (Dune #1),Â£54.86,One out of five
Dracula,Â£52.62,Three out of five
Do Androids Dream of Electric Sheep? (Blade Runner #1),Â£51.48,One out of five
Disrupted: My Misadventure in the Start-Up Bubble,Â£15.28,Five out of five
Dead Wake: The Last Crossing of the Lusitania,Â£39.24,Five out of five
"David and Goliath: Underdogs, Misfits, and the Art of Battling Giants",Â£17.81,One out of five
Darkfever (Fever #1),Â£56.02,One out of five
Dark Places,Â£23.90,Five out of five
Crazy Rich Asians (Crazy Rich Asians #1),Â£49.13,Five out of five
Counting Thyme,Â£10.62,One out of five
Cosmos,Â£36.17,Two out of five
Civilization and Its Discontents,Â£59.95,Two out of five
Cinder (The Lunar Chronicles #1),Â£26.09,One out of five
Catastrophic Happiness: Finding Joy in Childhood's Messy Years,Â£37.35,Two out of five
Career of Evil (Cormoran Strike #3),Â£24.72,Two out of five
Breaking Dawn (Twilight #4),Â£35.28,Five out of five
Brave Enough,Â£51.32,Five out of five
Boy Meets Boy,Â£21.12,Three out of five
"Born to Run: A Hidden Tribe, Superathletes, and the Greatest Race the World Has Never Seen",Â£27.35,Two out of five
Blink: The Power of Thinking Without Thinking,Â£21.74,Five out of five
Black Flags: The Rise of ISIS,Â£40.87,One out of five
"Black Butler, Vol. 1 (Black Butler #1)",Â£49.31,One out of five
Big Little Lies,Â£22.11,One out of five
Between Shades of Gray,Â£20.79,Five out of five
Best of My Love (Fool's Gold #20),Â£27.41,Two out of five
Beowulf,Â£38.35,Two out of five
Beautiful Creatures (Caster Chronicles #1),Â£21.55,Five out of five
Awkward,Â£38.02,Two out of five
Ash,Â£22.06,Four out of five
Are We There Yet?,Â£10.66,Three out of five
Are We Smart Enough to Know How Smart Animals Are?,Â£56.58,One out of five
Annie on My Mind,Â£36.83,Five out of five
And Then There Were None,Â£35.01,Two out of five
A Walk in the Woods: Rediscovering America on the Appalachian Trail,Â£30.48,Four out of five
A Visit from the Goon Squad,Â£14.08,Five out of five
A Storm of Swords (A Song of Ice and Fire #3),Â£31.22,Two out of five
A Heartbreaking Work of Staggering Genius,Â£54.29,Five out of five
8 Keys to Mental Health Through Exercise,Â£31.04,One out of five
#GIRLBOSS,Â£50.96,One out of five
"The Suffragettes (Little Black Classics, #96)",Â£11.89,Two out of five
The Sense of an Ending,Â£31.38,Three out of five
"The Sandman, Vol. 2: The Doll's House (The Sandman (volumes) #2)",Â£54.81,One out of five
The Course of Love,Â£16.78,Three out of five
Sugar Rush (Offensive Line #2),Â£24.42,One out of five
"Saga, Volume 2 (Saga (Collected Editions) #2)",Â£11.75,Three out of five
"Run, Spot, Run: The Ethics of Keeping Pets",Â£20.02,One out of five
New Moon (Twilight #2),Â£12.86,Four out of five
Life,Â£31.58,Five out of five
Kindle Paperwhite User's Guide,Â£34.00,Three out of five
H is for Hawk,Â£57.42,Five out of five
Girl Online On Tour (Girl Online #2),Â£53.47,One out of five
"Fruits Basket, Vol. 2 (Fruits Basket #2)",Â£11.64,Five out of five
Diary of a Minecraft Zombie Book 1: A Scare of a Dare (An Unofficial Minecraft Book),Â£52.88,Four out of five
"Y: The Last Man, Vol. 1: Unmanned (Y: The Last Man #1)",Â£18.51,Four out of five
While You Were Mine,Â£41.32,Five out of five
Where Lightning Strikes (Bleeding Stars #3),Â£39.77,Three out of five
When I'm Gone,Â£51.96,Three out of five
Ways of Seeing,Â£39.51,Five out of five
"Vampire Knight, Vol. 1 (Vampire Knight #1)",Â£15.40,One out of five
Vampire Girl (Vampire Girl #1),Â£53.82,Two out of five
Twenty Love Poems and a Song of Despair,Â£30.95,Four out of five
Travels with Charley: In Search of America,Â£57.82,Five out of five
Three Wishes (River of Time: California #1),Â£44.18,Two out of five
This One Moment (Pushing Limits #1),Â£48.71,One out of five
The Zombie Room,Â£19.69,Five out of five
"The Wicked + The Divine, Vol. 1: The Faust Act (The Wicked + The Divine)",Â£36.52,Two out of five
The Tumor,Â£41.56,Five out of five
The Story of Hong Gildong,Â£43.19,Four out of five
The Silent Wife,Â£12.34,Five out of five
The Silent Twin (Detective Jennifer Knight #3),Â£36.25,Three out of five
The Selfish Gene,Â£29.45,One out of five
The Secret Healer,Â£34.56,Three out of five
"The Sandman, Vol. 1: Preludes and Nocturnes (The Sandman (volumes) #1)",Â£54.12,Three out of five
The Republic,Â£33.78,Three out of five
The Odyssey,Â£29.64,Three out of five
The No. 1 Ladies' Detective Agency (No. 1 Ladies' Detective Agency #1),Â£57.70,Four out of five
The Nicomachean Ethics,Â£36.34,One out of five
The Name of the Wind (The Kingkiller Chronicle #1),Â£50.59,Three out of five
The Mirror & the Maze (The Wrath and the Dawn #1.5),Â£29.38,One out of five
The Little Prince,Â£45.42,Two out of five
The Light of the Fireflies,Â£54.43,One out of five
The Last Girl (The Dominion Trilogy #1),Â£36.26,Two out of five
The Iliad,Â£16.16,One out of five
The Hook Up (Game On #1),Â£36.29,Five out of five
The Haters,Â£27.89,Five out of five
The Girl You Lost,Â£12.29,Five out of five
The Girl In The Ice (DCI Erika Foster #1),Â£15.85,Three out of five
The End of the Jesus Era (An Investigation #1),Â£14.40,One out of five
The Edge of Reason (Bridget Jones #2),Â£19.18,Four out of five
The Complete Maus (Maus #1-2),Â£10.64,Three out of five
The Communist Manifesto,Â£14.76,Three out of five
The Bhagavad Gita,Â£57.49,Three out of five
The Bette Davis Club,Â£30.66,Three out of five
The Art of Not Breathing,Â£40.83,Four out of five
Taking Shots (Assassins #1),Â£18.88,Two out of five
Starlark,Â£25.83,Three out of five
"Skip Beat!, Vol. 01 (Skip Beat! #1)",Â£42.12,Three out of five
Sister Sable (The Mad Queen #1),Â£13.33,Three out of five
Shatter Me (Shatter Me #1),Â£42.40,One out of five
Shameless,Â£58.35,Three out of five
Shadow Rites (Jane Yellowrock #10),Â£21.72,Four out of five
Settling the Score (The Summer Games #1),Â£44.91,Two out of five
Sense and Sensibility,Â£37.46,One out of five
"Saga, Volume 1 (Saga (Collected Editions) #1)",Â£28.48,One out of five
"Rhythm, Chord & Malykhin",Â£28.34,Two out of five
"Rat Queens, Vol. 1: Sass & Sorcery (Rat Queens (Collected Editions) #1-5)",Â£46.96,Five out of five
Paradise Lost (Paradise #1),Â£24.96,One out of five
"Paper Girls, Vol. 1 (Paper Girls #1-5)",Â£21.71,Four out of five
"Ouran High School Host Club, Vol. 1 (Ouran High School Host Club #1)",Â£29.87,Three out of five
Origins (Alphas 0.5),Â£28.99,One out of five
One Second (Seven #7),Â£52.94,Two out of five
On the Road (Duluoz Legend),Â£32.36,Three out of five
Old Records Never Die: One Man's Quest for His Vinyl and His Past,Â£55.66,Two out of five
Off Sides (Off #1),Â£39.45,Five out of five
Of Mice and Men,Â£47.11,Two out of five
Myriad (Prentor #1),Â£58.75,Four out of five
My Perfect Mistake (Over the Top #1),Â£38.92,Two out of five
"Ms. Marvel, Vol. 1: No Normal (Ms. Marvel (2014-2015) #1)",Â£39.39,Four out of five
Meditations,Â£25.89,Two out of five
Matilda,Â£28.34,One out of five
Lost Among the Living,Â£27.70,Four out of five
Lord of the Flies,Â£24.89,Three out of five
Listen to Me (Fusion #1),Â£58.99,Three out of five
Kitchens of the Great Midwest,Â£57.20,Five out of five
Jane Eyre,Â£38.43,Five out of five
Imperfect Harmony,Â£34.74,Four out of five
Icing (Aces Hockey #2),Â£40.44,Four out of five
"Hawkeye, Vol. 1: My Life as a Weapon (Hawkeye #1)",Â£45.24,Three out of five
Having the Barbarian's Baby (Ice Planet Barbarians #7.5),Â£34.96,Four out of five
"Giant Days, Vol. 1 (Giant Days #1-4)",Â£56.76,Four out of five
"Fruits Basket, Vol. 1 (Fruits Basket #1)",Â£40.28,Five out of five
Frankenstein,Â£38.00,Two out of five
Forever Rockers (The Rocker #12),Â£28.80,Three out of five
Fighting Fate (Fighting #6),Â£39.24,Three out of five
Emma,Â£32.93,Two out of five
"Eat, Pray, Love",Â£51.32,Three out of five
Deep Under (Walker Security #1),Â£47.09,Five out of five
Choosing Our Religion: The Spiritual Lives of America's Nones,Â£28.42,Four out of five
Charlie and the Chocolate Factory (Charlie Bucket #1),Â£22.85,Three out of five
Charity's Cross (Charles Towne Belles #4),Â£41.24,One out of five
Bright Lines,Â£39.07,Five out of five
Bridget Jones's Diary (Bridget Jones #1),Â£29.82,One out of five
Bounty (Colorado Mountain #7),Â£37.26,Four out of five
Blood Defense (Samantha Brinkman #1),Â£20.30,Three out of five
"Bleach, Vol. 1: Strawberry and the Soul Reapers (Bleach #1)",Â£34.65,Five out of five
Beyond Good and Evil,Â£43.38,One out of five
Alice in Wonderland (Alice's Adventures in Wonderland #1),Â£55.53,One out of five
"Ajin: Demi-Human, Volume 1 (Ajin: Demi-Human #1)",Â£57.06,Four out of five
A Spy's Devotion (The Regency Spies of London #1),Â£16.97,Five out of five
1st to Die (Women's Murder Club #1),Â£53.98,One out of five
"1,000 Places to See Before You Die",Â£26.08,Five out of five
